year,doy,esc,males,females,unk,yrid
1973,144,0,0,0,0,9
1973,145,0,0,0,0,9
1973,146,0,0,0,0,9
1973,147,0,0,0,0,9
1973,148,1,1,0,0,9
1973,149,0,0,0,0,9
1973,150,1,1,0,0,9
1973,151,1,1,0,0,9
1973,152,0,0,0,0,9
1973,153,0,0,0,0,9
1973,154,2,2,0,0,9
1973,155,0,0,0,0,9
1973,156,0,0,0,0,9
1973,157,0,0,0,0,9
1973,158,0,0,0,0,9
1973,159,1,0,1,0,9
1973,160,0,0,0,0,9
1973,161,0,0,0,0,9
1973,162,7,6,1,0,9
1973,163,2,2,0,0,9
1973,164,2,1,1,0,9
1973,165,0,0,0,0,9
1973,166,0,0,0,0,9
1973,167,8,4,3,1,9
1973,168,0,0,0,0,9
1973,169,1,0,1,0,9
1973,170,0,0,0,0,9
1973,171,3,1,2,0,9
1973,172,0,0,0,0,9
1973,173,0,0,0,0,9
1973,174,0,0,0,0,9
1973,175,0,0,0,0,9
1973,176,0,0,0,0,9
1973,177,2,0,2,0,9
1973,178,2,1,1,0,9
1973,179,0,0,0,0,9
1973,180,0,0,0,0,9
1973,181,0,0,0,0,9
1973,182,0,0,0,0,9
1973,183,4,1,2,1,9
1973,184,0,0,0,0,9
1973,185,2,1,1,0,9
1973,186,0,0,0,0,9
1973,187,0,0,0,0,9
1974,151,0,0,0,0,10
1974,152,0,0,0,0,10
1974,153,0,0,0,0,10
1974,154,0,0,0,0,10
1974,155,0,0,0,0,10
1974,156,1,1,0,0,10
1974,157,1,1,0,0,10
1974,158,0,0,0,0,10
1974,159,1,1,0,0,10
1974,160,0,0,0,0,10
1974,161,0,0,0,0,10
1974,162,6,6,0,0,10
1974,163,0,0,0,0,10
1974,164,0,0,0,0,10
1974,165,4,3,1,0,10
1974,166,0,0,0,0,10
1974,167,1,1,0,0,10
1974,168,7,4,3,0,10
1974,169,5,2,3,0,10
1974,170,6,1,5,0,10
1974,171,2,1,1,0,10
1974,172,0,0,0,0,10
1974,173,0,0,0,0,10
1974,174,7,3,4,0,10
1974,175,16,14,2,0,10
1974,176,7,5,2,0,10
1974,177,11,6,5,0,10
1974,178,5,3,2,0,10
1974,179,10,8,2,0,10
1974,180,9,3,6,0,10
1974,181,7,3,4,0,10
1974,182,1,1,0,0,10
1974,183,0,0,0,0,10
1974,184,0,0,0,0,10
1974,185,0,0,0,0,10
1974,186,1,0,1,0,10
1974,187,2,0,2,0,10
1974,188,0,0,0,0,10
1974,189,0,0,0,0,10
1974,190,0,0,0,0,10
1974,191,0,0,0,0,10
1974,192,0,0,0,0,10
1974,193,0,0,0,0,10
1974,194,2,1,0,1,10
1974,195,0,0,0,0,10
1974,196,0,0,0,0,10
1974,197,0,0,0,0,10
1975,148,0,0,0,0,11
1975,149,0,0,0,0,11
1975,150,0,0,0,0,11
1975,151,0,0,0,0,11
1975,152,0,0,0,0,11
1975,153,0,0,0,0,11
1975,154,0,0,0,0,11
1975,155,1,1,0,0,11
1975,156,1,1,0,0,11
1975,157,0,0,0,0,11
1975,158,3,2,1,0,11
1975,159,2,2,0,0,11
1975,160,1,1,0,0,11
1975,161,0,0,0,0,11
1975,162,0,0,0,0,11
1975,163,0,0,0,0,11
1975,164,0,0,0,0,11
1975,165,3,3,0,0,11
1975,166,0,0,0,0,11
1975,167,3,2,1,0,11
1975,168,2,1,1,0,11
1975,169,2,2,0,0,11
1975,170,0,0,0,0,11
1975,171,4,4,0,0,11
1975,172,0,0,0,0,11
1975,173,5,3,2,0,11
1975,174,0,0,0,0,11
1975,175,2,1,1,0,11
1975,176,2,1,1,0,11
1975,177,6,4,2,0,11
1975,178,6,2,4,0,11
1975,179,16,13,3,0,11
1975,180,8,3,5,0,11
1975,181,14,8,6,0,11
1975,182,19,9,10,0,11
1975,183,26,15,11,0,11
1975,184,27,13,14,0,11
1975,185,14,4,10,0,11
1975,186,5,2,3,0,11
1975,187,19,9,9,1,11
1975,188,11,5,6,0,11
1975,189,9,6,3,0,11
1975,190,11,2,9,0,11
1975,191,8,4,4,0,11
1975,192,14,7,7,0,11
1975,193,2,0,2,0,11
1975,194,6,1,4,1,11
1975,195,2,1,1,0,11
1975,196,1,0,1,0,11
1975,197,1,1,0,0,11
1975,198,0,0,0,0,11
1975,199,0,0,0,0,11
1976,159,0,0,0,0,12
1976,160,8,6,2,0,12
1976,161,5,3,2,0,12
1976,162,4,2,2,0,12
1976,163,11,9,2,0,12
1976,164,2,0,2,0,12
1976,165,7,5,2,0,12
1976,166,4,3,1,0,12
1976,167,11,7,4,0,12
1976,168,7,6,1,0,12
1976,169,11,6,5,0,12
1976,170,16,12,4,0,12
1976,171,6,5,1,0,12
1976,172,11,6,5,0,12
1976,173,8,5,3,0,12
1976,174,19,9,10,0,12
1976,175,8,3,5,0,12
1976,176,3,2,1,0,12
1976,177,11,5,6,0,12
1976,178,6,3,3,0,12
1976,179,4,0,4,0,12
1976,180,3,0,2,1,12
1976,181,10,2,8,0,12
1976,182,7,2,4,1,12
1976,183,5,0,5,0,12
1976,184,0,0,0,0,12
1976,185,2,0,2,0,12
1976,186,0,0,0,0,12
1977,152,0,0,0,0,13
1977,153,0,0,0,0,13
1977,154,0,0,0,0,13
1977,155,0,0,0,0,13
1977,156,0,0,0,0,13
1977,157,3,2,1,0,13
1977,158,33,19,13,1,13
1977,159,15,6,9,0,13
1977,160,6,3,3,0,13
1977,161,3,1,2,0,13
1977,162,3,3,0,0,13
1977,163,4,2,2,0,13
1977,164,3,2,1,0,13
1977,165,10,2,8,0,13
1977,166,7,5,2,0,13
1977,167,10,6,4,0,13
1977,168,5,2,3,0,13
1977,169,5,2,2,1,13
1977,170,3,2,1,0,13
1977,171,3,1,2,0,13
1977,172,3,1,2,0,13
1977,173,0,0,0,0,13
1977,174,1,0,1,0,13
1977,175,0,0,0,0,13
1977,176,0,0,0,0,13
1977,177,1,0,1,0,13
1977,178,3,1,2,0,13
1977,179,0,0,0,0,13
1977,180,1,0,1,0,13
1977,181,0,0,0,0,13
1977,182,0,0,0,0,13
1978,144,0,0,0,0,14
1978,145,0,0,0,0,14
1978,146,2,2,0,0,14
1978,147,0,0,0,0,14
1978,148,2,1,1,0,14
1978,149,3,2,1,0,14
1978,150,2,0,1,1,14
1978,151,1,0,1,0,14
1978,152,1,1,0,0,14
1978,153,3,2,1,0,14
1978,154,5,4,1,0,14
1978,155,4,2,2,0,14
1978,156,2,0,2,0,14
1978,157,9,5,4,0,14
1978,158,7,4,3,0,14
1978,159,11,7,4,0,14
1978,160,5,2,3,0,14
1978,161,9,5,4,0,14
1978,162,3,3,0,0,14
1978,163,3,2,1,0,14
1978,164,8,4,4,0,14
1978,165,8,3,5,0,14
1978,166,10,5,5,0,14
1978,167,1,1,0,0,14
1978,168,3,1,2,0,14
1978,169,5,0,5,0,14
1978,170,14,2,12,0,14
1978,171,4,3,1,0,14
1978,172,7,1,6,0,14
1978,173,21,11,10,0,14
1978,174,18,6,12,0,14
1978,175,21,9,12,0,14
1978,176,10,5,5,0,14
1978,177,10,6,4,0,14
1978,178,19,3,16,0,14
1978,179,8,3,5,0,14
1978,180,16,6,10,0,14
1978,181,10,5,5,0,14
1978,182,10,1,9,0,14
1978,183,11,1,10,0,14
1978,184,5,2,2,1,14
1978,185,7,2,5,0,14
1978,186,3,0,3,0,14
1978,187,5,1,4,0,14
1978,188,2,0,2,0,14
1978,189,3,0,3,0,14
1978,190,1,0,0,1,14
1978,191,4,2,1,1,14
1978,192,0,0,0,0,14
1978,193,1,1,0,0,14
1979,150,0,0,0,0,15
1979,151,1,1,0,0,15
1979,152,2,2,0,0,15
1979,153,2,1,1,0,15
1979,154,2,1,1,0,15
1979,155,8,7,1,0,15
1979,156,4,2,2,0,15
1979,157,12,7,5,0,15
1979,158,5,2,2,1,15
1979,159,5,4,1,0,15
1979,160,5,2,3,0,15
1979,161,2,2,0,0,15
1979,162,5,3,2,0,15
1979,163,8,4,4,0,15
1979,164,17,8,9,0,15
1979,165,9,5,4,0,15
1979,166,4,2,2,0,15
1979,167,12,7,5,0,15
1979,168,7,4,3,0,15
1979,169,9,4,5,0,15
1979,170,6,2,4,0,15
1979,171,9,4,5,0,15
1979,172,3,2,1,0,15
1979,173,6,4,2,0,15
1979,174,8,4,4,0,15
1979,175,9,2,7,0,15
1979,176,13,2,10,1,15
1979,177,11,5,6,0,15
1979,178,11,5,6,0,15
1979,179,10,2,8,0,15
1979,180,5,2,3,0,15
1979,181,4,0,3,1,15
1979,182,0,0,0,0,15
1979,183,5,2,3,0,15
1979,184,3,1,2,0,15
1979,185,1,0,1,0,15
1979,186,4,2,2,0,15
1979,187,0,0,0,0,15
1979,188,1,1,0,0,15
1979,189,2,1,1,0,15
1979,190,0,0,0,0,15
1980,149,0,0,0,0,16
1980,150,2,1,1,0,16
1980,151,3,3,0,0,16
1980,152,3,3,0,0,16
1980,153,0,0,0,0,16
1980,154,2,1,1,0,16
1980,155,4,2,2,0,16
1980,156,0,0,0,0,16
1980,157,4,4,0,0,16
1980,158,0,0,0,0,16
1980,159,2,1,1,0,16
1980,160,7,5,2,0,16
1980,161,3,1,2,0,16
1980,162,10,8,2,0,16
1980,163,7,3,4,0,16
1980,164,6,5,1,0,16
1980,165,5,3,2,0,16
1980,166,7,2,5,0,16
1980,167,8,3,5,0,16
1980,168,10,4,6,0,16
1980,169,4,1,3,0,16
1980,170,7,3,4,0,16
1980,171,6,3,3,0,16
1980,172,4,2,2,0,16
1980,173,9,4,5,0,16
1980,174,4,3,1,0,16
1980,175,14,3,11,0,16
1980,176,5,2,3,0,16
1980,177,8,4,4,0,16
1980,178,2,0,2,0,16
1980,179,3,0,3,0,16
1980,180,3,0,3,0,16
1980,181,4,1,3,0,16
1980,182,3,0,3,0,16
1980,183,2,1,1,0,16
1980,184,0,0,0,0,16
1980,185,6,0,6,0,16
1980,186,0,0,0,0,16
1981,146,0,0,0,0,17
1981,147,3,3,0,0,17
1981,148,3,3,0,0,17
1981,149,8,7,1,0,17
1981,150,1,1,0,0,17
1981,151,4,3,1,0,17
1981,152,0,0,0,0,17
1981,153,8,5,3,0,17
1981,154,4,4,0,0,17
1981,155,0,0,0,0,17
1981,156,3,2,1,0,17
1981,157,11,7,4,0,17
1981,158,7,4,3,0,17
1981,159,2,1,1,0,17
1981,160,4,1,3,0,17
1981,161,1,0,1,0,17
1981,162,3,2,1,0,17
1981,163,5,3,2,0,17
1981,164,4,3,1,0,17
1981,165,1,1,0,0,17
1981,166,3,3,0,0,17
1981,167,6,6,0,0,17
1981,168,1,1,0,0,17
1981,169,1,0,1,0,17
1981,170,10,7,3,0,17
1981,171,9,5,4,0,17
1981,172,9,2,7,0,17
1981,173,8,1,7,0,17
1981,174,7,1,6,0,17
1981,175,12,3,9,0,17
1981,176,9,4,5,0,17
1981,177,9,3,6,0,17
1981,178,1,1,0,0,17
1981,179,4,2,2,0,17
1981,180,5,2,3,0,17
1981,181,1,1,0,0,17
1981,182,3,3,0,0,17
1981,183,2,1,1,0,17
1982,153,2,2,0,0,18
1982,154,0,0,0,0,18
1982,155,0,0,0,0,18
1982,156,0,0,0,0,18
1982,157,2,1,1,0,18
1982,158,1,1,0,0,18
1982,159,2,0,2,0,18
1982,160,0,0,0,0,18
1982,161,1,1,0,0,18
1982,162,0,0,0,0,18
1982,163,1,1,0,0,18
1982,164,4,3,1,0,18
1982,165,4,3,1,0,18
1982,166,0,0,0,0,18
1982,167,10,7,3,0,18
1982,168,4,2,2,0,18
1982,169,0,0,0,0,18
1982,170,7,4,3,0,18
1982,171,3,2,1,0,18
1982,172,6,5,1,0,18
1982,173,4,4,0,0,18
1982,174,4,3,1,0,18
1982,175,0,0,0,0,18
1982,176,10,8,2,0,18
1982,177,8,5,3,0,18
1982,178,9,5,4,0,18
1982,179,9,5,4,0,18
1982,180,11,4,7,0,18
1982,181,4,3,1,0,18
1982,182,13,6,7,0,18
1982,183,1,1,0,0,18
1982,184,5,1,4,0,18
1982,185,11,4,7,0,18
1982,186,9,2,7,0,18
1982,187,1,0,1,0,18
1982,188,16,8,8,0,18
1982,189,25,8,17,0,18
1982,190,5,2,3,0,18
1982,191,13,3,10,0,18
1982,192,15,0,15,0,18
1982,193,7,4,3,0,18
1982,194,7,3,4,0,18
1982,195,1,0,1,0,18
1982,196,0,0,0,0,18
1982,197,10,4,6,0,18
1982,198,3,0,3,0,18
1982,199,3,1,2,0,18
1982,200,2,2,0,0,18
1982,201,2,0,2,0,18
1982,202,0,0,0,0,18
1982,203,1,0,1,0,18
1982,204,0,0,0,0,18
1983,152,0,0,0,0,19
1983,153,6,4,2,0,19
1983,154,1,1,0,0,19
1983,155,1,1,0,0,19
1983,156,0,0,0,0,19
1983,157,2,2,0,0,19
1983,158,2,2,0,0,19
1983,159,1,1,0,0,19
1983,160,6,4,2,0,19
1983,161,8,7,1,0,19
1983,162,11,8,3,0,19
1983,163,2,1,1,0,19
1983,164,3,1,2,0,19
1983,165,5,3,2,0,19
1983,166,5,2,3,0,19
1983,167,2,2,0,0,19
1983,168,1,0,1,0,19
1983,169,19,15,4,0,19
1983,170,9,3,6,0,19
1983,171,16,7,9,0,19
1983,172,23,11,12,0,19
1983,173,6,2,4,0,19
1983,174,19,7,12,0,19
1983,175,24,8,16,0,19
1983,176,20,9,11,0,19
1983,177,42,15,27,0,19
1983,178,24,9,15,0,19
1983,179,7,2,5,0,19
1983,180,7,1,6,0,19
1983,181,16,4,12,0,19
1983,182,9,2,7,0,19
1983,183,12,3,9,0,19
1983,184,1,1,0,0,19
1983,185,2,0,2,0,19
1983,186,14,0,14,0,19
1983,187,8,0,8,0,19
1983,188,9,4,5,0,19
1983,189,6,1,5,0,19
1983,190,0,0,0,0,19
1983,191,3,2,1,0,19
1983,192,5,2,3,0,19
1983,193,7,1,6,0,19
1983,194,2,0,2,0,19
1983,195,1,1,0,0,19
1984,151,0,0,0,0,20
1984,152,3,2,1,0,20
1984,153,3,2,1,0,20
1984,154,2,1,1,0,20
1984,155,7,5,2,0,20
1984,156,3,3,0,0,20
1984,157,1,0,1,0,20
1984,158,0,0,0,0,20
1984,159,2,2,0,0,20
1984,160,0,0,0,0,20
1984,161,0,0,0,0,20
1984,162,0,0,0,0,20
1984,163,0,0,0,0,20
1984,164,3,2,1,0,20
1984,165,9,5,4,0,20
1984,166,6,5,1,0,20
1984,167,12,9,3,0,20
1984,168,13,13,0,0,20
1984,169,15,11,4,0,20
1984,170,11,5,6,0,20
1984,171,5,5,0,0,20
1984,172,11,4,7,0,20
1984,173,24,12,12,0,20
1984,174,20,6,14,0,20
1984,175,6,4,2,0,20
1984,176,10,4,6,0,20
1984,177,20,8,12,0,20
1984,178,8,4,4,0,20
1984,179,17,5,12,0,20
1984,180,8,3,5,0,20
1984,181,32,10,22,0,20
1984,182,8,1,7,0,20
1984,183,7,2,5,0,20
1984,184,11,4,7,0,20
1984,185,14,3,11,0,20
1984,186,8,1,7,0,20
1984,187,3,1,2,0,20
1984,188,5,1,4,0,20
1984,189,5,1,4,0,20
1984,190,3,0,3,0,20
1984,191,2,0,2,0,20
1984,192,3,1,2,0,20
1984,193,1,1,0,0,20
1984,194,2,0,2,0,20
1984,195,2,0,2,0,20
1985,148,0,0,0,0,21
1985,149,5,4,1,0,21
1985,150,1,0,1,0,21
1985,151,2,1,1,0,21
1985,152,6,3,3,0,21
1985,153,0,0,0,0,21
1985,154,6,4,2,0,21
1985,155,10,7,3,0,21
1985,156,14,9,5,0,21
1985,157,9,7,2,0,21
1985,158,2,2,0,0,21
1985,159,23,10,13,0,21
1985,160,4,2,2,0,21
1985,161,11,7,4,0,21
1985,162,14,5,9,0,21
1985,163,11,4,7,0,21
1985,164,17,8,9,0,21
1985,165,22,9,13,0,21
1985,166,14,6,8,0,21
1985,167,12,4,8,0,21
1985,168,19,5,14,0,21
1985,169,16,7,9,0,21
1985,170,17,7,10,0,21
1985,171,14,4,10,0,21
1985,172,11,2,9,0,21
1985,173,11,1,10,0,21
1985,174,8,2,6,0,21
1985,175,5,2,3,0,21
1985,176,9,0,9,0,21
1985,177,5,2,3,0,21
1985,178,7,2,5,0,21
1985,179,6,0,6,0,21
1985,180,0,0,0,0,21
1985,181,3,0,3,0,21
1985,182,2,0,2,0,21
1985,183,0,0,0,0,21
1985,184,3,0,3,0,21
1986,149,0,0,0,0,22
1986,150,1,1,0,0,22
1986,151,9,9,0,0,22
1986,152,8,6,2,0,22
1986,153,2,2,0,0,22
1986,154,3,1,2,0,22
1986,155,6,6,0,0,22
1986,156,7,6,1,0,22
1986,157,5,3,2,0,22
1986,158,3,1,2,0,22
1986,159,1,1,0,0,22
1986,160,3,2,1,0,22
1986,161,4,4,0,0,22
1986,162,0,0,0,0,22
1986,163,5,4,1,0,22
1986,164,9,7,2,0,22
1986,165,3,2,1,0,22
1986,166,19,11,8,0,22
1986,167,19,11,8,0,22
1986,168,12,6,6,0,22
1986,169,8,5,3,0,22
1986,170,0,0,0,0,22
1986,171,24,14,10,0,22
1986,172,15,5,10,0,22
1986,173,16,6,10,0,22
1986,174,23,7,16,0,22
1986,175,21,8,13,0,22
1986,176,19,9,10,0,22
1986,177,11,4,7,0,22
1986,178,6,3,3,0,22
1986,179,11,4,7,0,22
1986,180,8,0,8,0,22
1986,181,1,1,0,0,22
1986,182,3,2,1,0,22
1986,183,4,1,3,0,22
1986,184,7,3,4,0,22
1986,185,0,0,0,0,22
1986,186,5,3,2,0,22
1986,187,2,0,2,0,22
1986,188,0,0,0,0,22
1986,189,0,0,0,0,22
1987,146,0,0,0,0,23
1987,147,5,5,0,0,23
1987,148,13,9,4,0,23
1987,149,9,8,1,0,23
1987,150,4,2,2,0,23
1987,151,14,12,2,0,23
1987,152,5,4,1,0,23
1987,153,12,5,7,0,23
1987,154,8,5,3,0,23
1987,155,12,5,7,0,23
1987,156,14,9,5,0,23
1987,157,12,5,7,0,23
1987,158,16,8,8,0,23
1987,159,19,8,11,0,23
1987,160,13,7,6,0,23
1987,161,11,4,7,0,23
1987,162,8,3,5,0,23
1987,163,11,3,8,0,23
1987,164,11,3,8,0,23
1987,165,4,0,4,0,23
1987,166,10,3,7,0,23
1987,167,6,3,3,0,23
1987,168,3,1,2,0,23
1987,169,4,1,3,0,23
1987,170,3,0,3,0,23
1987,171,2,0,2,0,23
1987,172,1,0,1,0,23
1987,173,5,1,4,0,23
1987,174,2,1,1,0,23
1987,175,3,1,2,0,23
1987,176,2,1,1,0,23
1987,177,0,0,0,0,23
1987,178,3,1,2,0,23
1987,179,3,1,2,0,23
1987,180,0,0,0,0,23
1987,181,0,0,0,0,23
1987,182,0,0,0,0,23
1987,183,0,0,0,0,23
1987,184,0,0,0,0,23
1987,185,0,0,0,0,23
1987,186,0,0,0,0,23
1987,187,0,0,0,0,23
1987,188,0,0,0,0,23
1988,146,0,0,0,0,24
1988,147,1,0,1,0,24
1988,148,0,0,0,0,24
1988,149,0,0,0,0,24
1988,150,1,1,0,0,24
1988,151,2,2,0,0,24
1988,152,0,0,0,0,24
1988,153,2,1,1,0,24
1988,154,0,0,0,0,24
1988,155,2,1,1,0,24
1988,156,8,6,2,0,24
1988,157,9,8,1,0,24
1988,158,9,5,4,0,24
1988,159,12,9,3,0,24
1988,160,6,5,1,0,24
1988,161,5,5,0,0,24
1988,162,16,11,5,0,24
1988,163,4,3,1,0,24
1988,164,4,1,3,0,24
1988,165,11,7,4,0,24
1988,166,5,2,3,0,24
1988,167,10,7,3,0,24
1988,168,4,3,1,0,24
1988,169,10,5,5,0,24
1988,170,13,5,8,0,24
1988,171,18,7,11,0,24
1988,172,13,4,9,0,24
1988,173,10,6,4,0,24
1988,174,6,2,4,0,24
1988,175,1,0,1,0,24
1988,176,6,2,4,0,24
1988,177,5,1,4,0,24
1988,178,10,4,6,0,24
1988,179,7,3,4,0,24
1989,143,0,0,0,0,25
1989,144,2,2,0,0,25
1989,145,3,3,0,0,25
1989,146,2,1,1,0,25
1989,147,3,3,0,0,25
1989,148,8,8,0,0,25
1989,149,8,8,0,0,25
1989,150,2,1,1,0,25
1989,151,2,1,1,0,25
1989,152,2,1,1,0,25
1989,153,3,2,1,0,25
1989,154,0,0,0,0,25
1989,155,2,2,0,0,25
1989,156,1,1,0,0,25
1989,157,6,5,1,0,25
1989,158,14,11,3,0,25
1989,159,8,6,2,0,25
1989,160,10,9,1,0,25
1989,161,4,3,1,0,25
1989,162,4,1,3,0,25
1989,163,1,1,0,0,25
1989,164,5,3,2,0,25
1989,165,14,7,7,0,25
1989,166,8,5,3,0,25
1989,167,6,5,1,0,25
1989,168,5,5,0,0,25
1989,169,5,3,2,0,25
1989,170,13,6,7,0,25
1989,171,13,6,7,0,25
1989,172,14,8,6,0,25
1989,173,9,7,2,0,25
1989,174,11,6,5,0,25
1989,175,5,4,1,0,25
1989,176,7,5,2,0,25
1989,177,7,2,5,0,25
1989,178,3,0,3,0,25
1989,179,5,1,4,0,25
1989,180,7,4,3,0,25
1989,181,7,1,6,0,25
1989,182,2,1,1,0,25
1989,183,0,0,0,0,25
1989,184,3,1,2,0,25
1989,185,3,1,2,0,25
1989,186,5,2,3,0,25
1989,187,1,0,1,0,25
1989,188,3,1,2,0,25
1989,189,4,3,1,0,25
1989,190,0,0,0,0,25
1989,191,0,0,0,0,25
1990,144,0,0,0,0,26
1990,145,1,1,0,0,26
1990,146,0,0,0,0,26
1990,147,0,0,0,0,26
1990,148,3,2,1,0,26
1990,149,4,4,0,0,26
1990,150,8,5,3,0,26
1990,151,4,2,2,0,26
1990,152,2,1,1,0,26
1990,153,0,0,0,0,26
1990,154,0,0,0,0,26
1990,155,4,2,2,0,26
1990,156,9,5,4,0,26
1990,157,5,3,2,0,26
1990,158,5,2,3,0,26
1990,159,5,1,4,0,26
1990,160,6,2,4,0,26
1990,161,7,3,4,0,26
1990,162,2,1,1,0,26
1990,163,6,5,1,0,26
1990,164,5,4,1,0,26
1990,165,4,1,3,0,26
1990,166,6,5,1,0,26
1990,167,17,4,13,0,26
1990,168,10,5,5,0,26
1990,169,10,8,2,0,26
1990,170,10,4,6,0,26
1990,171,10,4,6,0,26
1990,172,10,4,6,0,26
1990,173,14,5,9,0,26
1990,174,12,4,8,0,26
1990,175,20,5,15,0,26
1990,176,15,6,9,0,26
1990,177,8,3,5,0,26
1990,178,10,2,8,0,26
1990,179,11,5,6,0,26
1990,180,13,4,9,0,26
1990,181,5,1,4,0,26
1990,182,4,0,4,0,26
1990,183,4,2,2,0,26
1990,184,5,1,4,0,26
1990,185,2,1,1,0,26
1990,186,2,1,1,0,26
1990,187,0,0,0,0,26
1992,153,0,0,0,0,27
1992,154,40,29,11,0,27
1992,155,24,16,8,0,27
1992,156,22,13,9,0,27
1992,157,12,4,8,0,27
1992,158,2,1,1,0,27
1992,159,12,3,9,0,27
1992,160,3,1,2,0,27
1992,161,9,5,4,0,27
1992,162,5,2,3,0,27
1992,163,6,0,6,0,27
1992,164,3,1,2,0,27
1992,165,16,7,9,0,27
1992,166,3,1,1,1,27
1992,167,2,0,2,0,27
1992,168,2,0,2,0,27
1992,169,14,2,12,0,27
1992,170,14,6,8,0,27
1992,171,0,0,0,0,27
1992,172,0,0,0,0,27
1992,173,0,0,0,0,27
1992,174,12,2,10,0,27
1992,175,2,2,0,0,27
1992,176,10,4,6,0,27
1992,177,8,2,6,0,27
1992,178,6,0,6,0,27
1992,179,0,0,0,0,27
1992,180,0,0,0,0,27
1992,181,0,0,0,0,27
1992,182,1,0,1,0,27
1993,146,0,0,0,0,28
1993,147,8,7,1,0,28
1993,148,6,4,2,0,28
1993,149,3,3,0,0,28
1993,150,6,2,4,0,28
1993,151,4,3,1,0,28
1993,152,6,4,2,0,28
1993,153,9,7,2,0,28
1993,154,17,12,5,0,28
1993,155,4,3,1,0,28
1993,156,10,9,1,0,28
1993,157,14,11,3,0,28
1993,158,5,3,2,0,28
1993,159,12,7,5,0,28
1993,160,5,3,2,0,28
1993,161,0,0,0,0,28
1993,162,20,11,9,0,28
1993,163,21,14,7,0,28
1993,164,9,6,3,0,28
1993,165,11,3,8,0,28
1993,166,30,10,20,0,28
1993,167,26,9,17,0,28
1993,168,29,8,21,0,28
1993,169,23,13,10,0,28
1993,170,19,4,15,0,28
1993,171,33,14,19,0,28
1993,172,20,9,11,0,28
1993,173,11,4,7,0,28
1993,174,4,1,3,0,28
1993,175,2,1,1,0,28
1993,176,11,4,7,0,28
1993,177,16,7,9,0,28
1993,178,5,0,5,0,28
1993,179,4,3,1,0,28
1993,180,8,3,5,0,28
1993,181,8,2,6,0,28
1993,182,2,0,2,0,28
1993,183,2,0,2,0,28
1993,184,7,0,7,0,28
1993,185,0,0,0,0,28
1993,186,0,0,0,0,28
1993,187,6,1,5,0,28
1993,188,0,0,0,0,28
1993,189,4,0,4,0,28
1993,190,2,0,2,0,28
1994,143,0,0,0,0,29
1994,144,0,0,0,0,29
1994,145,5,5,0,0,29
1994,146,5,4,1,0,29
1994,147,4,4,0,0,29
1994,148,12,8,4,0,29
1994,149,5,3,2,0,29
1994,150,3,2,1,0,29
1994,151,6,5,1,0,29
1994,152,16,13,3,0,29
1994,153,11,8,3,0,29
1994,154,7,7,0,0,29
1994,155,7,4,3,0,29
1994,156,17,10,7,0,29
1994,157,11,5,6,0,29
1994,158,10,7,3,0,29
1994,159,12,6,6,0,29
1994,160,13,8,5,0,29
1994,161,10,4,6,0,29
1994,162,19,5,14,0,29
1994,163,12,5,7,0,29
1994,164,10,6,4,0,29
1994,165,5,0,5,0,29
1994,166,5,1,4,0,29
1994,167,12,2,10,0,29
1994,168,7,0,7,0,29
1994,169,6,1,5,0,29
1994,170,12,4,8,0,29
1994,171,10,4,6,0,29
1994,172,6,1,5,0,29
1994,173,2,1,1,0,29
1994,174,2,0,2,0,29
1994,175,6,2,4,0,29
1994,176,2,0,2,0,29
1994,177,3,0,3,0,29
1994,178,0,0,0,0,29
1994,179,3,0,3,0,29
1994,180,3,2,1,0,29
1994,181,0,0,0,0,29
1994,182,2,0,2,0,29
1994,183,2,1,1,0,29
1994,184,2,0,2,0,29
1994,185,0,0,0,0,29
1994,186,0,0,0,0,29
1995,145,0,0,0,0,30
1995,146,0,0,0,0,30
1995,147,2,2,0,0,30
1995,148,3,3,0,0,30
1995,149,0,0,0,0,30
1995,150,0,0,0,0,30
1995,151,0,0,0,0,30
1995,152,1,1,0,0,30
1995,153,0,0,0,0,30
1995,154,0,0,0,0,30
1995,155,2,1,1,0,30
1995,156,2,2,0,0,30
1995,157,0,0,0,0,30
1995,158,3,3,0,0,30
1995,159,3,1,2,0,30
1995,160,7,5,2,0,30
1995,161,1,1,0,0,30
1995,162,2,2,0,0,30
1995,163,2,2,0,0,30
1995,164,0,0,0,0,30
1995,165,5,3,2,0,30
1995,166,7,6,1,0,30
1995,167,5,2,3,0,30
1995,168,5,3,2,0,30
1995,169,6,3,3,0,30
1995,170,7,2,5,0,30
1995,171,8,4,4,0,30
1995,172,5,3,2,0,30
1995,173,4,2,2,0,30
1995,174,7,3,4,0,30
1995,175,8,3,5,0,30
1995,176,6,3,3,0,30
1995,177,13,9,4,0,30
1995,178,9,4,5,0,30
1995,179,8,5,3,0,30
1995,180,4,1,3,0,30
1995,181,10,1,9,0,30
1995,182,13,7,6,0,30
1995,183,14,4,10,0,30
1995,184,10,2,8,0,30
1995,185,0,0,0,0,30
1995,186,9,4,5,0,30
1995,187,6,2,4,0,30
1995,188,0,0,0,0,30
1995,189,6,2,4,0,30
1995,190,2,0,2,0,30
1995,191,1,0,1,0,30
1995,192,3,0,3,0,30
1995,193,4,0,4,0,30
1996,149,0,0,0,0,31
1996,150,1,0,1,0,31
1996,151,5,3,2,0,31
1996,152,2,1,1,0,31
1996,153,0,0,0,0,31
1996,154,2,0,2,0,31
1996,155,2,0,2,0,31
1996,156,4,4,0,0,31
1996,157,4,2,2,0,31
1996,158,4,2,2,0,31
1996,159,0,0,0,0,31
1996,160,0,0,0,0,31
1996,161,0,0,0,0,31
1996,162,4,2,0,2,31
1996,163,0,0,0,0,31
1996,164,0,0,0,0,31
1996,165,6,6,0,0,31
1996,166,2,2,0,0,31
1996,167,0,0,0,0,31
1996,168,0,0,0,0,31
1996,169,6,6,0,0,31
1996,170,6,6,0,0,31
1996,171,0,0,0,0,31
1996,172,5,2,3,0,31
1996,173,6,3,3,0,31
1996,174,4,2,2,0,31
1996,175,0,0,0,0,31
1996,176,2,2,0,0,31
1996,177,4,3,1,0,31
1996,178,9,6,3,0,31
1996,179,13,7,6,0,31
1996,180,1,0,1,0,31
1996,181,26,14,12,0,31
1996,182,13,6,7,0,31
1996,183,13,8,5,0,31
1996,184,14,7,7,0,31
1996,185,18,10,8,0,31
1996,186,22,11,10,1,31
1996,187,4,3,1,0,31
1996,188,1,1,0,0,31
1996,189,0,0,0,0,31
1996,190,0,0,0,0,31
1996,191,0,0,0,0,31
1996,192,0,0,0,0,31
1996,193,0,0,0,0,31
1996,194,0,0,0,0,31
1996,195,0,0,0,0,31
1996,196,0,0,0,0,31
1996,197,0,0,0,0,31
1996,198,0,0,0,0,31
1996,199,0,0,0,0,31
1997,160,0,0,0,0,32
1997,161,6,6,0,0,32
1997,162,7,7,0,0,32
1997,163,4,3,1,0,32
1997,164,2,1,1,0,32
1997,165,2,1,1,0,32
1997,166,2,2,0,0,32
1997,167,1,1,0,0,32
1997,168,2,0,2,0,32
1997,169,4,4,0,0,32
1997,170,3,2,1,0,32
1997,171,10,7,3,0,32
1997,172,4,4,0,0,32
1997,173,8,5,3,0,32
1997,174,8,5,3,0,32
1997,175,17,7,10,0,32
1997,176,14,9,5,0,32
1997,177,19,9,10,0,32
1997,178,22,9,13,0,32
1997,179,12,6,6,0,32
1997,180,10,0,10,0,32
1997,181,11,5,6,0,32
1997,182,20,8,12,0,32
1997,183,13,4,9,0,32
1997,184,15,6,9,0,32
1997,185,13,5,8,0,32
1997,186,12,4,8,0,32
1997,187,5,2,3,0,32
1997,188,8,1,7,0,32
1997,189,0,0,0,0,32
1997,190,1,0,1,0,32
1997,191,1,1,0,0,32
1998,141,0,0,0,0,33
1998,142,0,0,0,0,33
1998,143,0,0,0,0,33
1998,144,0,0,0,0,33
1998,145,2,1,1,0,33
1998,146,0,0,0,0,33
1998,147,0,0,0,0,33
1998,148,1,1,0,0,33
1998,149,7,4,3,0,33
1998,150,3,3,0,0,33
1998,151,0,0,0,0,33
1998,152,4,3,1,0,33
1998,153,1,1,0,0,33
1998,154,0,0,0,0,33
1998,155,0,0,0,0,33
1998,156,0,0,0,0,33
1998,157,2,1,1,0,33
1998,158,2,2,0,0,33
1998,159,0,0,0,0,33
1998,160,1,0,1,0,33
1998,161,5,4,1,0,33
1998,162,3,2,1,0,33
1998,163,7,3,4,0,33
1998,164,4,2,2,0,33
1998,165,20,16,4,0,33
1998,166,16,10,5,1,33
1998,167,3,1,2,0,33
1998,168,12,5,6,1,33
1998,169,0,0,0,0,33
1998,170,15,7,8,0,33
1998,171,7,4,3,0,33
1998,172,13,8,5,0,33
1998,173,13,6,7,0,33
1998,174,17,8,9,0,33
1998,175,10,4,6,0,33
1998,176,2,1,1,0,33
1998,177,11,2,9,0,33
1998,178,9,1,8,0,33
1998,179,10,2,8,0,33
1998,180,6,2,4,0,33
1998,181,5,1,4,0,33
1998,182,8,3,5,0,33
1998,183,9,4,5,0,33
1998,184,14,2,12,0,33
1998,185,4,0,4,0,33
1998,186,3,1,2,0,33
1998,187,3,1,2,0,33
1998,188,0,0,0,0,33
1998,189,3,0,3,0,33
1998,190,2,0,2,0,33
1998,191,1,0,1,0,33
1999,144,0,0,0,0,34
1999,145,2,2,0,0,34
1999,146,3,0,3,0,34
1999,147,0,0,0,0,34
1999,148,1,1,0,0,34
1999,149,1,1,0,0,34
1999,150,0,0,0,0,34
1999,151,1,1,0,0,34
1999,152,1,1,0,0,34
1999,153,2,2,0,0,34
1999,154,2,2,0,0,34
1999,155,2,1,1,0,34
1999,156,0,0,0,0,34
1999,157,3,3,0,0,34
1999,158,4,3,1,0,34
1999,159,3,3,0,0,34
1999,160,0,0,0,0,34
1999,161,1,0,1,0,34
1999,162,3,2,1,0,34
1999,163,2,2,0,0,34
1999,164,5,5,0,0,34
1999,165,2,2,0,0,34
1999,166,6,4,2,0,34
1999,167,14,8,5,1,34
1999,168,13,9,4,0,34
1999,169,18,12,6,0,34
1999,170,8,5,3,0,34
1999,171,10,5,5,0,34
1999,172,19,12,7,0,34
1999,173,12,6,6,0,34
1999,174,8,7,1,0,34
1999,175,10,7,3,0,34
1999,176,22,20,2,0,34
1999,177,18,13,5,0,34
1999,178,22,12,10,0,34
1999,179,12,6,6,0,34
1999,180,20,7,13,0,34
1999,181,44,14,30,0,34
1999,182,39,12,27,0,34
1999,183,42,14,28,0,34
1999,184,35,10,25,0,34
1999,185,27,8,19,0,34
1999,186,23,7,16,0,34
1999,187,20,5,15,0,34
1999,188,23,12,11,0,34
1999,189,16,5,11,0,34
1999,190,7,3,4,0,34
1999,191,15,4,11,0,34
1999,192,12,9,3,0,34
1999,193,19,10,9,0,34
1999,194,7,4,3,0,34
1999,195,9,6,3,0,34
1999,196,4,3,1,0,34
1999,197,8,4,4,0,34
2000,145,4,2,2,0,35
2000,146,0,0,0,0,35
2000,147,6,4,2,0,35
2000,148,0,0,0,0,35
2000,149,0,0,0,0,35
2000,150,0,0,0,0,35
2000,151,0,0,0,0,35
2000,152,0,0,0,0,35
2000,153,10,8,2,0,35
2000,154,24,20,4,0,35
2000,155,8,4,4,0,35
2000,156,0,0,0,0,35
2000,157,2,0,2,0,35
2000,158,6,4,2,0,35
2000,159,4,0,4,0,35
2000,160,6,2,4,0,35
2000,161,2,2,0,0,35
2000,162,2,2,0,0,35
2000,163,4,2,2,0,35
2000,164,0,0,0,0,35
2000,165,0,0,0,0,35
2000,166,0,0,0,0,35
2000,167,0,0,0,0,35
2000,168,6,4,2,0,35
2000,169,8,4,4,0,35
2000,170,0,0,0,0,35
2000,171,2,2,0,0,35
2000,172,20,8,12,0,35
2000,173,8,2,6,0,35
2000,174,10,4,6,0,35
2000,175,6,0,6,0,35
2000,176,8,2,6,0,35
2000,177,14,6,8,0,35
2000,178,14,8,6,0,35
2000,179,6,0,6,0,35
2000,180,12,6,6,0,35
2000,181,0,0,0,0,35
2000,182,2,0,2,0,35
2000,183,4,2,2,0,35
2000,184,12,6,6,0,35
2000,185,4,0,4,0,35
2000,186,2,0,2,0,35
2000,187,4,4,0,0,35
2000,188,0,0,0,0,35
2001,143,0,0,0,0,36
2001,144,7,6,1,0,36
2001,145,11,8,3,0,36
2001,146,15,13,2,0,36
2001,147,6,4,2,0,36
2001,148,3,1,2,0,36
2001,149,6,4,2,0,36
2001,150,5,2,3,0,36
2001,151,12,10,2,0,36
2001,152,18,12,6,0,36
2001,153,15,11,4,0,36
2001,154,15,12,3,0,36
2001,155,3,2,1,0,36
2001,156,14,9,5,0,36
2001,157,13,9,4,0,36
2001,158,34,21,13,0,36
2001,159,16,8,8,0,36
2001,160,10,5,5,0,36
2001,161,12,10,2,0,36
2001,162,26,13,13,0,36
2001,163,12,5,7,0,36
2001,164,20,10,10,0,36
2001,165,22,10,12,0,36
2001,166,42,21,21,0,36
2001,167,18,6,12,0,36
2001,168,19,8,11,0,36
2001,169,17,11,6,0,36
2001,170,8,6,2,0,36
2001,171,22,14,8,0,36
2001,172,17,9,8,0,36
2001,173,26,6,20,0,36
2001,174,10,3,7,0,36
2001,175,9,6,3,0,36
2001,176,14,9,5,0,36
2001,177,8,3,5,0,36
2001,178,4,0,4,0,36
2001,179,5,3,2,0,36
2002,145,0,0,0,0,37
2002,146,4,3,1,0,37
2002,147,1,0,1,0,37
2002,148,2,1,1,0,37
2002,149,1,0,1,0,37
2002,150,5,3,2,0,37
2002,151,9,8,1,0,37
2002,152,5,3,2,0,37
2002,153,10,6,4,0,37
2002,154,3,3,0,0,37
2002,155,22,16,6,0,37
2002,156,17,11,6,0,37
2002,157,1,1,0,0,37
2002,158,15,14,1,0,37
2002,159,21,17,4,0,37
2002,160,14,9,5,0,37
2002,161,2,2,0,0,37
2002,162,14,12,2,0,37
2002,163,17,8,9,0,37
2002,164,30,21,9,0,37
2002,165,28,19,9,0,37
2002,166,11,9,2,0,37
2002,167,30,17,13,0,37
2002,168,32,13,19,0,37
2002,169,33,10,23,0,37
2002,170,11,3,8,0,37
2002,171,33,10,23,0,37
2002,172,15,5,10,0,37
2002,173,29,7,22,0,37
2002,174,11,4,7,0,37
2002,175,18,3,15,0,37
2002,176,27,11,16,0,37
2002,177,20,7,13,0,37
2002,178,11,1,10,0,37
2002,179,17,4,13,0,37
2002,180,16,1,15,0,37
2002,181,11,2,9,0,37
2002,182,4,1,3,0,37
2002,183,11,4,7,0,37
2002,184,2,1,1,0,37
2002,185,9,1,8,0,37
2002,186,9,0,9,0,37
2002,187,6,2,4,0,37
2002,188,2,0,2,0,37
2002,189,2,1,1,0,37
2003,140,0,0,0,0,38
2003,141,0,0,0,0,38
2003,142,0,0,0,0,38
2003,143,0,0,0,0,38
2003,144,0,0,0,0,38
2003,145,3,2,1,0,38
2003,146,1,1,0,0,38
2003,147,4,4,0,0,38
2003,148,0,0,0,0,38
2003,149,3,1,2,0,38
2003,150,12,4,8,0,38
2003,151,0,0,0,0,38
2003,152,0,0,0,0,38
2003,153,0,0,0,0,38
2003,154,0,0,0,0,38
2003,155,2,2,0,0,38
2003,156,4,3,1,0,38
2003,157,0,0,0,0,38
2003,158,1,1,0,0,38
2003,159,2,1,1,0,38
2003,160,22,17,5,0,38
2003,161,15,12,3,0,38
2003,162,9,6,3,0,38
2003,163,4,4,0,0,38
2003,164,4,4,0,0,38
2003,165,4,4,0,0,38
2003,166,27,16,11,0,38
2003,167,48,25,23,0,38
2003,168,24,15,9,0,38
2003,169,21,11,10,0,38
2003,170,22,6,16,0,38
2003,171,11,4,7,0,38
2003,172,3,1,2,0,38
2003,173,5,4,1,0,38
2003,174,0,0,0,0,38
2003,175,15,6,9,0,38
2003,176,10,2,8,0,38
2003,177,8,5,3,0,38
2003,178,10,4,6,0,38
2003,179,0,0,0,0,38
2003,180,9,3,6,0,38
2003,181,0,0,0,0,38
2003,182,4,0,4,0,38
2003,183,12,2,10,0,38
2003,184,8,2,6,0,38
2003,185,6,0,6,0,38
2003,186,6,0,6,0,38
2003,187,0,0,0,0,38
2003,188,0,0,0,0,38
2004,139,0,0,0,0,39
2004,140,1,1,0,0,39
2004,141,0,0,0,0,39
2004,142,9,6,3,0,39
2004,143,2,0,2,0,39
2004,144,2,0,2,0,39
2004,145,6,6,0,0,39
2004,146,5,3,2,0,39
2004,147,9,4,5,0,39
2004,148,2,2,0,0,39
2004,149,13,10,3,0,39
2004,150,0,0,0,0,39
2004,151,7,6,1,0,39
2004,152,7,6,1,0,39
2004,153,7,5,2,0,39
2004,154,3,1,2,0,39
2004,155,23,16,7,0,39
2004,156,33,15,18,0,39
2004,157,19,10,9,0,39
2004,158,12,6,6,0,39
2004,159,14,4,10,0,39
2004,160,29,11,18,0,39
2004,161,8,5,3,0,39
2004,162,12,5,7,0,39
2004,163,0,0,0,0,39
2004,164,10,6,4,0,39
2004,165,25,19,6,0,39
2004,166,22,15,7,0,39
2004,167,30,16,14,0,39
2004,168,17,6,11,0,39
2004,169,16,8,8,0,39
2004,170,21,7,14,0,39
2004,171,15,3,12,0,39
2004,172,21,6,15,0,39
2004,173,12,2,10,0,39
2004,174,13,6,7,0,39
2004,175,22,2,20,0,39
2004,176,10,3,7,0,39
2004,177,5,1,4,0,39
2004,178,3,0,3,0,39
2004,179,4,2,2,0,39
2004,180,4,1,3,0,39
2004,181,4,1,3,0,39
2004,182,5,0,5,0,39
2004,183,1,0,1,0,39
2004,184,3,0,3,0,39
2004,185,5,1,4,0,39
2004,186,3,2,1,0,39
2004,187,4,1,3,0,39
2004,188,5,1,4,0,39
2005,154,3,2,1,0,40
2005,155,7,5,2,0,40
2005,156,8,5,3,0,40
2005,157,7,4,3,0,40
2005,158,9,7,2,0,40
2005,159,9,5,4,0,40
2005,160,6,4,2,0,40
2005,161,15,9,6,0,40
2005,162,9,4,5,0,40
2005,163,3,3,0,0,40
2005,164,3,1,2,0,40
2005,165,19,9,10,0,40
2005,166,13,9,4,0,40
2005,167,13,7,6,0,40
2005,168,5,3,2,0,40
2005,169,5,1,4,0,40
2005,170,13,4,9,0,40
2005,171,11,8,3,0,40
2005,172,13,5,8,0,40
2005,173,3,0,3,0,40
2005,174,8,5,3,0,40
2005,175,12,2,10,0,40
2005,176,3,1,2,0,40
2005,177,3,1,2,0,40
2005,178,7,4,3,0,40
2005,179,12,6,6,0,40
2005,180,6,1,5,0,40
2005,181,3,1,2,0,40
2005,182,0,0,0,0,40
2006,144,0,0,0,0,41
2006,145,5,4,1,0,41
2006,146,6,6,0,0,41
2006,147,5,5,0,0,41
2006,148,6,4,2,0,41
2006,149,0,0,0,0,41
2006,150,6,5,1,0,41
2006,151,4,4,0,0,41
2006,152,4,3,1,0,41
2006,153,8,7,1,0,41
2006,154,7,7,0,0,41
2006,155,9,7,2,0,41
2006,156,7,3,4,0,41
2006,157,10,4,6,0,41
2006,158,12,11,1,0,41
2006,159,9,9,0,0,41
2006,160,8,5,3,0,41
2006,161,4,3,1,0,41
2006,162,7,2,5,0,41
2006,163,7,3,4,0,41
2006,164,11,9,2,0,41
2006,165,9,5,4,0,41
2006,166,0,0,0,0,41
2006,167,7,4,3,0,41
2006,168,5,3,2,0,41
2006,169,8,2,6,0,41
2006,170,11,3,8,0,41
2006,171,9,4,5,0,41
2006,172,13,5,8,0,41
2006,173,5,3,2,0,41
2006,174,11,7,4,0,41
2006,175,10,3,7,0,41
2006,176,4,4,0,0,41
2006,177,5,3,2,0,41
2006,178,3,3,0,0,41
2006,179,3,3,0,0,41
2006,180,0,0,0,0,41
2006,181,0,0,0,0,41
2006,182,2,1,1,0,41
2006,183,1,0,1,0,41
2006,184,0,0,0,0,41
2007,141,0,0,0,0,42
2007,142,3,3,0,0,42
2007,143,3,0,3,0,42
2007,144,2,1,1,0,42
2007,145,1,1,0,0,42
2007,146,4,3,0,1,42
2007,147,5,3,2,0,42
2007,148,8,4,4,0,42
2007,149,3,3,0,0,42
2007,150,4,3,1,0,42
2007,151,3,2,1,0,42
2007,152,9,4,5,0,42
2007,153,15,11,3,1,42
2007,154,13,8,5,0,42
2007,155,11,6,5,0,42
2007,156,18,14,2,2,42
2007,157,8,8,0,0,42
2007,158,7,4,3,0,42
2007,159,10,7,3,0,42
2007,160,11,7,3,1,42
2007,161,9,7,2,0,42
2007,162,9,7,2,0,42
2007,163,8,5,3,0,42
2007,164,11,8,3,0,42
2007,165,5,2,3,0,42
2007,166,8,4,3,1,42
2007,167,4,1,3,0,42
2007,168,8,6,2,0,42
2007,169,8,4,3,1,42
2007,170,11,5,5,1,42
2007,171,9,1,8,0,42
2007,172,5,0,4,1,42
2007,173,3,0,3,0,42
2007,174,4,0,4,0,42
2007,175,5,3,2,0,42
2007,176,5,2,2,1,42
2007,177,4,0,1,3,42
2007,178,2,0,2,0,42
2007,179,3,1,2,0,42
2007,180,1,1,0,0,42
2007,181,1,0,0,1,42
2007,182,0,0,0,0,42
2007,183,7,5,2,0,42
2008,141,0,0,0,0,43
2008,142,1,0,0,1,43
2008,143,2,1,1,0,43
2008,144,0,0,0,0,43
2008,145,0,0,0,0,43
2008,146,1,1,0,0,43
2008,147,2,1,1,0,43
2008,148,0,0,0,0,43
2008,149,2,2,0,0,43
2008,150,1,1,0,0,43
2008,151,2,2,0,0,43
2008,152,2,1,1,0,43
2008,153,0,0,0,0,43
2008,154,2,1,1,0,43
2008,155,3,1,2,0,43
2008,156,1,1,0,0,43
2008,157,5,5,0,0,43
2008,158,4,2,2,0,43
2008,159,0,0,0,0,43
2008,160,2,2,0,0,43
2008,161,1,1,0,0,43
2008,162,2,1,1,0,43
2008,163,2,2,0,0,43
2008,164,2,2,0,0,43
2008,165,1,1,0,0,43
2008,166,4,3,1,0,43
2008,167,0,0,0,0,43
2008,168,0,0,0,0,43
2008,169,9,8,1,0,43
2008,170,9,7,2,0,43
2008,171,4,3,1,0,43
2008,172,9,4,5,0,43
2008,173,12,8,4,0,43
2008,174,14,8,6,0,43
2008,175,9,6,3,0,43
2008,176,12,8,4,0,43
2008,177,15,9,6,0,43
2008,178,21,15,6,0,43
2008,179,11,8,3,0,43
2008,180,15,10,5,0,43
2008,181,15,8,7,0,43
2008,182,11,7,4,0,43
2008,183,6,2,4,0,43
2008,184,11,5,6,0,43
2008,185,14,5,9,0,43
2008,186,9,3,6,0,43
2008,187,12,7,5,0,43
2008,188,13,3,10,0,43
2008,189,1,0,0,1,43
2008,190,7,2,5,0,43
2008,191,5,0,4,1,43
2009,139,0,0,0,0,44
2009,140,4,2,1,1,44
2009,141,9,5,3,1,44
2009,142,1,0,0,1,44
2009,143,2,2,0,0,44
2009,144,4,2,2,0,44
2009,145,1,0,1,0,44
2009,146,0,0,0,0,44
2009,147,1,1,0,0,44
2009,148,2,1,1,0,44
2009,149,0,0,0,0,44
2009,150,1,0,1,0,44
2009,151,3,1,2,0,44
2009,152,5,2,3,0,44
2009,153,3,3,0,0,44
2009,154,2,2,0,0,44
2009,155,2,1,1,0,44
2009,156,2,0,2,0,44
2009,157,6,3,3,0,44
2009,158,4,3,1,0,44
2009,159,4,3,1,0,44
2009,160,5,4,1,0,44
2009,161,1,0,0,1,44
2009,162,0,0,0,0,44
2009,163,8,7,1,0,44
2009,164,9,5,4,0,44
2009,165,7,5,2,0,44
2009,166,8,7,1,0,44
2009,167,8,6,2,0,44
2009,168,4,3,1,0,44
2009,169,11,8,3,0,44
2009,170,11,7,4,0,44
2009,171,15,10,5,0,44
2009,172,13,5,8,0,44
2009,173,22,10,12,0,44
2009,174,13,8,5,0,44
2009,175,6,0,6,0,44
2009,176,13,4,9,0,44
2009,177,9,3,6,0,44
2009,178,10,3,7,0,44
2009,179,9,2,7,0,44
2009,180,5,3,2,0,44
2009,181,6,2,4,0,44
2009,182,4,3,1,0,44
2009,183,6,1,5,0,44
2009,184,11,6,5,0,44
2009,185,9,3,6,0,44
2009,186,1,0,1,0,44
2009,187,2,0,2,0,44
2009,188,3,1,2,0,44
2009,189,6,2,4,0,44
2009,190,3,0,3,0,44
2010,145,0,0,0,0,45
2010,146,3,3,0,0,45
2010,147,0,0,0,0,45
2010,148,2,2,0,0,45
2010,149,3,2,1,0,45
2010,150,3,2,1,0,45
2010,151,2,2,0,0,45
2010,152,1,1,0,0,45
2010,153,3,3,0,0,45
2010,154,6,5,1,0,45
2010,155,8,5,3,0,45
2010,156,3,3,0,0,45
2010,157,0,0,0,0,45
2010,158,2,2,0,0,45
2010,159,5,4,1,0,45
2010,160,8,6,1,1,45
2010,161,1,1,0,0,45
2010,162,5,5,0,0,45
2010,163,10,5,5,0,45
2010,164,1,0,1,0,45
2010,165,4,4,0,0,45
2010,166,2,2,0,0,45
2010,167,5,3,2,0,45
2010,168,3,1,2,0,45
2010,169,0,0,0,0,45
2010,170,0,0,0,0,45
2010,171,6,4,2,0,45
2010,172,0,0,0,0,45
2010,173,0,0,0,0,45
2010,174,3,2,1,0,45
2010,175,10,6,4,0,45
2010,176,4,2,2,0,45
2010,177,5,3,2,0,45
2010,178,0,0,0,0,45
2010,179,5,2,3,0,45
2010,180,3,1,2,0,45
2010,181,10,3,7,0,45
2010,182,8,6,2,0,45
2010,183,1,0,1,0,45
2010,184,2,1,0,1,45
2010,185,2,1,1,0,45
2010,186,5,3,2,0,45
2010,187,6,5,1,0,45
2010,188,0,0,0,0,45
2010,189,0,0,0,0,45
2010,190,4,1,3,0,45
2010,191,2,2,0,0,45
2010,192,2,1,1,0,45
2010,193,3,0,3,0,45
2010,194,0,0,0,0,45
2011,153,0,0,0,0,46
2011,154,1,0,1,0,46
2011,155,0,0,0,0,46
2011,156,0,0,0,0,46
2011,157,0,0,0,0,46
2011,158,0,0,0,0,46
2011,159,0,0,0,0,46
2011,160,0,0,0,0,46
2011,161,0,0,0,0,46
2011,162,0,0,0,0,46
2011,163,7,6,1,0,46
2011,164,3,3,0,0,46
2011,165,2,2,0,0,46
2011,166,2,1,1,0,46
2011,167,1,0,1,0,46
2011,168,0,0,0,0,46
2011,169,0,0,0,0,46
2011,170,0,0,0,0,46
2011,171,0,0,0,0,46
2011,172,2,2,0,0,46
2011,173,1,0,0,1,46
2011,174,3,3,0,0,46
2011,175,5,2,3,0,46
2011,176,6,5,1,0,46
2011,177,4,3,1,0,46
2011,178,4,4,0,0,46
2011,179,2,1,1,0,46
2011,180,9,7,2,0,46
2011,181,1,0,1,0,46
2011,182,6,5,1,0,46
2011,183,19,13,6,0,46
2011,184,3,2,1,0,46
2011,185,15,13,2,0,46
2011,186,7,3,4,0,46
2011,187,8,6,2,0,46
2011,188,10,6,4,0,46
2011,189,8,1,7,0,46
2011,190,12,6,6,0,46
2011,191,8,5,2,1,46
2011,192,6,4,2,0,46
2011,193,15,4,11,0,46
2011,194,19,8,11,0,46
2011,195,14,5,9,0,46
2011,196,8,5,3,0,46
2011,197,22,8,14,0,46
2011,198,14,3,11,0,46
2011,199,11,3,8,0,46
2011,200,8,4,4,0,46
2011,201,10,1,9,0,46
2011,202,3,1,2,0,46
2011,203,0,0,0,0,46
2012,136,0,0,0,0,47
2012,137,1,0,0,1,47
2012,138,0,0,0,0,47
2012,139,1,1,0,0,47
2012,140,2,1,1,0,47
2012,141,2,1,1,0,47
2012,142,1,0,1,0,47
2012,143,1,1,0,0,47
2012,144,2,2,0,0,47
2012,145,1,1,0,0,47
2012,146,0,0,0,0,47
2012,147,1,0,1,0,47
2012,148,3,1,2,0,47
2012,149,2,1,1,0,47
2012,150,2,2,0,0,47
2012,151,5,4,1,0,47
2012,152,1,1,0,0,47
2012,153,4,3,1,0,47
2012,154,9,6,2,1,47
2012,155,13,11,2,0,47
2012,156,11,8,3,0,47
2012,157,14,9,5,0,47
2012,158,5,3,2,0,47
2012,159,12,7,5,0,47
2012,160,11,5,6,0,47
2012,161,6,5,1,0,47
2012,162,0,0,0,0,47
2012,163,6,3,2,1,47
2012,164,8,5,3,0,47
2012,165,5,3,2,0,47
2012,166,16,8,8,0,47
2012,167,10,5,5,0,47
2012,168,11,3,8,0,47
2012,169,4,2,2,0,47
2012,170,8,5,3,0,47
2012,171,9,6,3,0,47
2012,172,4,1,3,0,47
2012,173,5,1,3,1,47
2012,174,8,4,3,1,47
2012,175,7,1,5,1,47
2012,176,9,5,3,1,47
2012,177,6,3,3,0,47
2012,178,8,1,7,0,47
2012,179,5,1,3,1,47
2012,180,2,1,0,1,47
2012,181,1,0,1,0,47
2012,182,4,1,3,0,47
2012,183,5,2,1,2,47
2012,184,1,0,1,0,47
2012,185,3,1,2,0,47
2012,186,0,0,0,0,47
2012,187,0,0,0,0,47
2013,141,0,0,0,0,48
2013,142,0,0,0,0,48
2013,143,4,4,0,0,48
2013,144,0,0,0,0,48
2013,145,2,1,1,0,48
2013,146,4,4,0,0,48
2013,147,0,0,0,0,48
2013,148,5,3,2,0,48
2013,149,3,2,1,0,48
2013,150,5,2,2,1,48
2013,151,6,5,1,0,48
2013,152,3,2,1,0,48
2013,153,7,6,1,0,48
2013,154,7,5,0,2,48
2013,155,1,1,0,0,48
2013,156,2,2,0,0,48
2013,157,0,0,0,0,48
2013,158,1,1,0,0,48
2013,159,3,2,1,0,48
2013,160,4,3,1,0,48
2013,161,8,3,5,0,48
2013,162,5,3,2,0,48
2013,163,3,2,1,0,48
2013,164,3,2,1,0,48
2013,165,9,5,4,0,48
2013,166,10,4,6,0,48
2013,167,6,5,1,0,48
2013,168,3,2,1,0,48
2013,169,10,5,5,0,48
2013,170,3,2,1,0,48
2013,171,21,8,13,0,48
2013,172,5,3,2,0,48
2013,173,11,4,7,0,48
2013,174,19,7,12,0,48
2013,175,19,7,12,0,48
2013,176,9,4,5,0,48
2013,177,7,5,2,0,48
2013,178,5,2,3,0,48
2013,179,8,4,3,1,48
2013,180,5,0,3,2,48
2013,181,0,0,0,0,48
2013,182,5,3,2,0,48
2013,183,4,0,2,2,48
2013,184,2,2,0,0,48
2013,185,6,1,1,4,48
2013,186,2,0,1,1,48
2013,187,2,1,1,0,48
2013,188,0,0,0,0,48
2013,189,10,1,2,7,48
2014,142,0,0,0,0,49
2014,143,5,4,0,1,49
2014,144,1,1,0,0,49
2014,145,3,2,1,0,49
2014,146,3,3,0,0,49
2014,147,4,3,1,0,49
2014,148,1,1,0,0,49
2014,149,0,0,0,0,49
2014,150,0,0,0,0,49
2014,151,0,0,0,0,49
2014,152,0,0,0,0,49
2014,153,0,0,0,0,49
2014,154,0,0,0,0,49
2014,155,0,0,0,0,49
2014,156,1,0,1,0,49
2014,157,2,1,1,0,49
2014,158,2,0,2,0,49
2014,159,4,2,2,0,49
2014,160,1,1,0,0,49
2014,161,3,1,2,0,49
2014,162,3,3,0,0,49
2014,163,5,3,2,0,49
2014,164,8,6,2,0,49
2014,165,3,2,1,0,49
2014,166,8,8,0,0,49
2014,167,5,3,2,0,49
2014,168,7,5,2,0,49
2014,169,10,5,5,0,49
2014,170,6,4,2,0,49
2014,171,5,3,2,0,49
2014,172,10,6,4,0,49
2014,173,10,7,3,0,49
2014,174,20,10,10,0,49
2014,175,18,8,10,0,49
2014,176,20,9,11,0,49
2014,177,13,6,7,0,49
2014,178,6,1,5,0,49
2014,179,5,2,3,0,49
2014,180,18,5,13,0,49
2014,181,5,2,3,0,49
2014,182,7,1,6,0,49
2014,183,9,5,4,0,49
2014,184,9,5,4,0,49
2014,185,8,1,7,0,49
2014,186,3,0,3,0,49
2014,187,7,4,3,0,49
2014,188,5,2,3,0,49
2014,189,0,0,0,0,49
2015,148,0,0,0,0,50
2015,149,6,3,3,0,50
2015,150,8,6,2,0,50
2015,151,10,7,3,0,50
2015,152,9,7,2,0,50
2015,153,9,5,4,0,50
2015,154,9,6,3,0,50
2015,155,17,15,2,0,50
2015,156,7,6,1,0,50
2015,157,14,10,4,0,50
2015,158,11,7,4,0,50
2015,159,26,9,17,0,50
2015,160,24,16,8,0,50
2015,161,24,18,6,0,50
2015,162,11,7,4,0,50
2015,163,15,9,6,0,50
2015,164,12,7,5,0,50
2015,165,8,4,4,0,50
2015,166,12,5,7,0,50
2015,167,18,4,14,0,50
2015,168,25,12,13,0,50
2015,169,30,10,20,0,50
2015,170,21,6,15,0,50
2015,171,16,6,10,0,50
2015,172,20,6,14,0,50
2015,173,14,9,5,0,50
2015,174,16,4,12,0,50
2015,175,18,3,14,1,50
2015,176,12,4,7,1,50
2015,177,10,2,8,0,50
2015,178,6,2,4,0,50
2015,179,4,2,2,0,50
2015,180,7,3,4,0,50
2015,181,2,1,1,0,50
2017,142,0,0,0,0,51
2017,143,2,2,0,0,51
2017,144,4,3,1,0,51
2017,145,6,5,1,0,51
2017,146,5,4,1,0,51
2017,147,5,2,3,0,51
2017,148,0,0,0,0,51
2017,149,3,1,2,0,51
2017,150,6,3,3,0,51
2017,151,6,5,1,0,51
2017,152,8,5,3,0,51
2017,153,3,2,1,0,51
2017,154,4,2,2,0,51
2017,155,2,1,1,0,51
2017,156,8,2,6,0,51
2017,157,1,1,0,0,51
2017,158,4,2,2,0,51
2017,159,2,1,1,0,51
2017,160,3,1,2,0,51
2017,161,8,8,0,0,51
2017,162,6,3,3,0,51
2017,163,5,2,3,0,51
2017,164,6,3,3,0,51
2017,165,8,4,4,0,51
2017,166,8,5,3,0,51
2017,167,10,7,3,0,51
2017,168,19,13,6,0,51
2017,169,16,11,5,0,51
2017,170,7,2,5,0,51
2017,171,38,18,20,0,51
2017,172,22,10,12,0,51
2017,173,23,11,12,0,51
2017,174,24,14,10,0,51
2017,175,21,9,12,0,51
2017,176,29,12,17,0,51
2017,177,21,10,11,0,51
2017,178,26,13,13,0,51
2017,179,17,5,12,0,51
2017,180,18,10,8,0,51
2017,181,24,6,18,0,51
2017,182,25,8,16,1,51
2017,183,33,10,23,0,51
2017,184,30,11,19,0,51
2017,185,22,7,14,1,51
2017,186,18,5,13,0,51
2017,187,16,4,12,0,51
2017,188,11,3,8,0,51
2017,189,8,3,5,0,51
2017,190,8,4,4,0,51
2017,191,9,4,5,0,51
2017,192,5,1,4,0,51
2017,193,0,0,0,0,51
2017,194,11,7,4,0,51
2018,143,0,0,0,0,52
2018,144,0,0,0,0,52
2018,145,2,1,1,0,52
2018,146,0,0,0,0,52
2018,147,0,0,0,0,52
2018,148,6,5,1,0,52
2018,149,2,2,0,0,52
2018,150,3,3,0,0,52
2018,151,6,4,2,0,52
2018,152,1,1,0,0,52
2018,153,1,1,0,0,52
2018,154,2,1,1,0,52
2018,155,5,4,1,0,52
2018,156,0,0,0,0,52
2018,157,2,2,0,0,52
2018,158,4,3,1,0,52
2018,159,8,5,3,0,52
2018,160,6,6,0,0,52
2018,161,10,6,4,0,52
2018,162,5,2,3,0,52
2018,163,10,5,5,0,52
2018,164,5,4,1,0,52
2018,165,9,6,3,0,52
2018,166,8,7,1,0,52
2018,167,4,2,2,0,52
2018,168,4,3,1,0,52
2018,169,11,7,4,0,52
2018,170,16,10,6,0,52
2018,171,14,8,6,0,52
2018,172,11,4,7,0,52
2018,173,9,5,4,0,52
2018,174,8,5,3,0,52
2018,175,15,11,4,0,52
2018,176,19,12,7,0,52
2018,177,10,5,5,0,52
2018,178,21,12,9,0,52
2018,179,14,6,8,0,52
2018,180,9,5,4,0,52
2018,181,6,2,4,0,52
2018,182,3,0,3,0,52
2018,183,2,1,1,0,52
2018,184,8,2,6,0,52
2018,185,5,0,5,0,52
2018,186,3,1,2,0,52
2018,187,3,1,2,0,52
2018,188,2,1,1,0,52
2018,189,1,1,0,0,52
2018,190,1,0,0,1,52
2018,191,1,0,0,1,52
2018,192,2,1,1,0,52
2018,193,0,0,0,0,52
2018,194,1,1,0,0,52
2019,128,0,0,0,0,53
2019,129,1,0,0,1,53
2019,130,1,0,1,0,53
2019,131,0,0,0,0,53
2019,132,0,0,0,0,53
2019,133,1,1,0,0,53
2019,134,0,0,0,0,53
2019,135,1,0,1,0,53
2019,136,0,0,0,0,53
2019,137,0,0,0,0,53
2019,138,0,0,0,0,53
2019,139,0,0,0,0,53
2019,140,0,0,0,0,53
2019,141,0,0,0,0,53
2019,142,0,0,0,0,53
2019,143,1,1,0,0,53
2019,144,0,0,0,0,53
2019,145,0,0,0,0,53
2019,146,0,0,0,0,53
2019,147,1,1,0,0,53
2019,148,0,0,0,0,53
2019,149,1,1,0,0,53
2019,150,0,0,0,0,53
2019,151,0,0,0,0,53
2019,152,2,1,1,0,53
2019,153,1,1,0,0,53
2019,154,4,3,0,1,53
2019,155,3,3,0,0,53
2019,156,7,4,3,0,53
2019,157,1,1,0,0,53
2019,158,4,1,3,0,53
2019,159,0,0,0,0,53
2019,160,1,0,1,0,53
2019,161,3,2,1,0,53
2019,162,2,2,0,0,53
2019,163,0,0,0,0,53
2019,164,1,1,0,0,53
2019,165,3,2,1,0,53
2019,166,2,2,0,0,53
2019,167,5,3,2,0,53
2019,168,2,0,2,0,53
2019,169,3,1,2,0,53
2019,170,9,6,3,0,53
2019,171,2,2,0,0,53
2019,172,4,2,2,0,53
2019,173,2,1,1,0,53
2019,174,4,2,2,0,53
2019,175,3,1,2,0,53
2019,176,0,0,0,0,53
2019,177,1,1,0,0,53
2019,178,2,2,0,0,53
2019,179,10,7,3,0,53
2019,180,2,0,2,0,53
2019,181,3,1,2,0,53
2019,182,3,3,0,0,53
2019,183,0,0,0,0,53
2019,184,4,3,1,0,53
2019,185,3,2,1,0,53
2019,186,2,0,2,0,53
2019,187,1,1,0,0,53
2019,188,2,0,0,2,53
2019,189,1,0,1,0,53
2019,190,0,0,0,0,53
2019,191,1,1,0,0,53
2019,192,0,0,0,0,53
2019,193,0,0,0,0,53
2019,194,0,0,0,0,53
2019,195,0,0,0,0,53
2019,196,1,0,1,0,53
2019,197,0,0,0,0,53
2019,198,0,0,0,0,53
2019,199,0,0,0,0,53
2019,200,1,1,0,0,53
2019,201,0,0,0,0,53
2019,202,0,0,0,0,53
2019,203,1,0,1,0,53
2019,204,0,0,0,0,53
2019,205,0,0,0,0,53
2019,206,0,0,0,0,53
2019,207,0,0,0,0,53
2019,208,0,0,0,0,53
2019,209,1,0,0,1,53
2019,210,0,0,0,0,53
2019,211,0,0,0,0,53
2019,212,1,0,0,1,53
2019,213,0,0,0,0,53
2019,214,0,0,0,0,53
2020,139,0,0,0,0,54
2020,140,0,0,0,0,54
2020,141,2,2,0,0,54
2020,142,1,1,0,0,54
2020,143,0,0,0,0,54
2020,144,0,0,0,0,54
2020,145,0,0,0,0,54
2020,146,0,0,0,0,54
2020,147,0,0,0,0,54
2020,148,3,2,1,0,54
2020,149,0,0,0,0,54
2020,150,0,0,0,0,54
2020,151,0,0,0,0,54
2020,152,18,10,7,1,54
2020,153,7,5,2,0,54
2020,154,0,0,0,0,54
2020,155,3,1,2,0,54
2020,156,2,2,0,0,54
2020,157,1,1,0,0,54
2020,158,0,0,0,0,54
2020,159,3,2,1,0,54
2020,160,2,2,0,0,54
2020,161,4,2,2,0,54
2020,162,1,0,1,0,54
2020,163,0,0,0,0,54
2020,164,5,3,2,0,54
2020,165,4,4,0,0,54
2020,166,6,4,2,0,54
2020,167,5,4,1,0,54
2020,168,7,5,2,0,54
2020,169,3,1,2,0,54
2020,170,5,2,3,0,54
2020,171,9,5,4,0,54
2020,172,7,4,3,0,54
2020,173,5,1,4,0,54
2020,174,6,3,3,0,54
2020,175,5,1,4,0,54
2020,176,13,4,9,0,54
2020,177,8,2,6,0,54
2020,178,1,1,0,0,54
2020,179,0,0,0,0,54
2020,180,6,3,3,0,54
2020,181,0,0,0,0,54
2020,182,0,0,0,0,54
2020,183,5,3,2,0,54
2020,184,4,0,4,0,54
2020,185,0,0,0,0,54
2020,186,2,1,1,0,54
2020,187,0,0,0,0,54
2020,188,4,1,3,0,54
2020,189,0,0,0,0,54
2021,134,0,0,0,0,55
2021,135,5,3,2,0,55
2021,136,0,0,0,0,55
2021,137,2,1,0,1,55
2021,138,1,1,0,0,55
2021,139,1,1,0,0,55
2021,140,0,0,0,0,55
2021,141,2,2,0,0,55
2021,142,1,0,1,0,55
2021,143,3,3,0,0,55
2021,144,1,1,0,0,55
2021,145,0,0,0,0,55
2021,146,0,0,0,0,55
2021,147,1,1,0,0,55
2021,148,0,0,0,0,55
2021,149,4,3,1,0,55
2021,150,0,0,0,0,55
2021,151,3,2,1,0,55
2021,152,2,2,0,0,55
2021,153,20,14,6,0,55
2021,154,2,0,2,0,55
2021,155,13,9,4,0,55
2021,156,5,5,0,0,55
2021,157,12,6,6,0,55
2021,158,1,0,1,0,55
2021,159,6,3,3,0,55
2021,160,9,5,4,0,55
2021,161,10,6,4,0,55
2021,162,8,5,3,0,55
2021,163,9,3,6,0,55
2021,164,12,9,3,0,55
2021,165,17,10,7,0,55
2021,166,23,13,10,0,55
2021,167,23,9,14,0,55
2021,168,28,10,18,0,55
2021,169,18,7,11,0,55
2021,170,13,5,8,0,55
2021,171,21,8,13,0,55
2021,172,8,1,7,0,55
2021,173,14,8,6,0,55
2021,174,7,2,5,0,55
2021,175,4,3,1,0,55
2021,176,6,3,3,0,55
2021,177,5,3,2,0,55
2021,178,5,1,4,0,55
2021,179,5,1,4,0,55
2021,180,6,3,3,0,55
2021,181,10,3,6,1,55
2021,182,4,2,2,0,55
2021,183,3,3,0,0,55
2021,184,0,0,0,0,55
2021,185,8,5,3,0,55
2021,186,0,0,0,0,55
2021,187,0,0,0,0,55
2021,188,4,3,1,0,55
2021,189,2,2,0,0,55
2021,190,3,1,2,0,55
2021,191,2,2,0,0,55
2021,192,1,0,0,1,55
2021,193,0,0,0,0,55
2021,194,1,1,0,0,55
1965,140,0,0,0,0,1
1965,141,0,0,0,0,1
1965,142,0,0,0,0,1
1965,143,1,1,0,0,1
1965,144,1,1,0,0,1
1965,145,1,1,0,0,1
1965,146,0,0,0,0,1
1965,147,0,0,0,0,1
1965,148,3,2,1,0,1
1965,149,0,0,0,0,1
1965,150,4,3,1,0,1
1965,151,0,0,0,0,1
1965,152,0,0,0,0,1
1965,153,0,0,0,0,1
1965,154,5,4,1,0,1
1965,155,1,1,0,0,1
1965,156,0,0,0,0,1
1965,157,2,1,1,0,1
1965,158,1,1,0,0,1
1965,159,4,4,0,0,1
1965,160,11,5,6,0,1
1965,161,4,3,1,0,1
1965,162,4,3,1,0,1
1965,163,1,1,0,0,1
1965,164,4,3,1,0,1
1965,165,7,3,4,0,1
1965,166,4,3,1,0,1
1965,167,0,0,0,0,1
1965,168,1,0,1,0,1
1965,169,6,3,3,0,1
1965,170,1,0,1,0,1
1965,171,6,3,3,0,1
1965,172,11,6,5,0,1
1965,173,13,9,4,0,1
1965,174,6,3,3,0,1
1965,175,13,6,7,0,1
1965,176,10,4,6,0,1
1965,177,0,0,0,0,1
1965,178,14,8,6,0,1
1965,179,4,2,2,0,1
1965,180,10,3,7,0,1
1965,181,8,1,7,0,1
1965,182,10,5,5,0,1
1965,183,3,0,3,0,1
1965,184,12,6,6,0,1
1965,185,3,2,1,0,1
1965,186,8,2,6,0,1
1965,187,1,0,1,0,1
1965,188,0,0,0,0,1
1965,189,0,0,0,0,1
1965,190,0,0,0,0,1
1965,191,0,0,0,0,1
1965,192,0,0,0,0,1
1965,193,12,5,7,0,1
1965,194,1,0,1,0,1
1965,195,1,0,1,0,1
1965,196,3,1,2,0,1
1965,197,0,0,0,0,1
1966,149,0,0,0,0,2
1966,150,1,0,1,0,2
1966,151,0,0,0,0,2
1966,152,1,1,0,0,2
1966,153,0,0,0,0,2
1966,154,6,5,1,0,2
1966,155,0,0,0,0,2
1966,156,0,0,0,0,2
1966,157,1,0,1,0,2
1966,158,0,0,0,0,2
1966,159,2,2,0,0,2
1966,160,0,0,0,0,2
1966,161,5,1,4,0,2
1966,162,0,0,0,0,2
1966,163,0,0,0,0,2
1966,164,0,0,0,0,2
1966,165,13,4,9,0,2
1966,166,3,3,0,0,2
1966,167,24,8,16,0,2
1966,168,2,1,1,0,2
1966,169,2,1,1,0,2
1966,170,12,3,9,0,2
1966,171,0,0,0,0,2
1966,172,5,2,3,0,2
1966,173,0,0,0,0,2
1966,174,0,0,0,0,2
1966,175,6,0,6,0,2
1966,176,3,1,2,0,2
1966,177,0,0,0,0,2
1966,178,9,4,5,0,2
1966,179,7,5,2,0,2
1966,180,4,2,2,0,2
1966,181,0,0,0,0,2
1967,153,1,0,1,0,3
1967,154,0,0,0,0,3
1967,155,0,0,0,0,3
1967,156,1,1,0,0,3
1967,157,0,0,0,0,3
1967,158,0,0,0,0,3
1967,159,0,0,0,0,3
1967,160,3,2,1,0,3
1967,161,1,0,1,0,3
1967,162,0,0,0,0,3
1967,163,1,1,0,0,3
1967,164,1,1,0,0,3
1967,165,2,2,0,0,3
1967,166,0,0,0,0,3
1967,167,0,0,0,0,3
1967,168,3,2,1,0,3
1967,169,2,2,0,0,3
1967,170,9,5,4,0,3
1967,171,2,2,0,0,3
1967,172,7,3,4,0,3
1967,173,10,6,4,0,3
1967,174,10,7,3,0,3
1967,175,0,0,0,0,3
1967,176,15,7,8,0,3
1967,177,0,0,0,0,3
1967,178,4,1,3,0,3
1967,179,5,2,3,0,3
1967,180,4,1,3,0,3
1967,181,5,1,4,0,3
1967,182,4,1,3,0,3
1967,183,7,4,3,0,3
1967,184,4,3,1,0,3
1967,185,1,1,0,0,3
1967,186,7,1,6,0,3
1967,187,3,1,2,0,3
1967,188,2,0,2,0,3
1967,189,3,1,2,0,3
1967,190,0,0,0,0,3
1967,191,1,0,1,0,3
1967,192,0,0,0,0,3
1967,193,0,0,0,0,3
1967,194,2,0,2,0,3
1967,195,1,1,0,0,3
1967,196,0,0,0,0,3
1968,149,0,0,0,0,4
1968,150,1,1,0,0,4
1968,151,0,0,0,0,4
1968,152,0,0,0,0,4
1968,153,0,0,0,0,4
1968,154,0,0,0,0,4
1968,155,0,0,0,0,4
1968,156,1,1,0,0,4
1968,157,0,0,0,0,4
1968,158,0,0,0,0,4
1968,159,0,0,0,0,4
1968,160,0,0,0,0,4
1968,161,0,0,0,0,4
1968,162,0,0,0,0,4
1968,163,6,4,2,0,4
1968,164,1,0,1,0,4
1968,165,0,0,0,0,4
1968,166,0,0,0,0,4
1968,167,0,0,0,0,4
1968,168,1,1,0,0,4
1968,169,0,0,0,0,4
1968,170,2,1,0,1,4
1968,171,0,0,0,0,4
1968,172,8,6,2,0,4
1968,173,0,0,0,0,4
1968,174,0,0,0,0,4
1968,175,0,0,0,0,4
1968,176,0,0,0,0,4
1968,177,0,0,0,0,4
1968,178,0,0,0,0,4
1968,179,0,0,0,0,4
1968,180,0,0,0,0,4
1968,181,0,0,0,0,4
1968,182,0,0,0,0,4
1968,183,2,2,0,0,4
1968,184,1,0,1,0,4
1968,185,0,0,0,0,4
1968,186,0,0,0,0,4
1968,187,2,1,1,0,4
1968,188,2,2,0,0,4
1968,189,0,0,0,0,4
1968,190,1,1,0,0,4
1968,191,0,0,0,0,4
1968,192,0,0,0,0,4
1968,193,1,0,1,0,4
1968,194,3,3,0,0,4
1968,195,1,0,1,0,4
1968,196,4,1,1,2,4
1968,197,1,0,1,0,4
1968,198,0,0,0,0,4
1968,199,0,0,0,0,4
1968,200,1,1,0,0,4
1968,201,0,0,0,0,4
1968,202,1,1,0,0,4
1968,203,0,0,0,0,4
1969,144,0,0,0,0,5
1969,145,2,2,0,0,5
1969,146,4,3,1,0,5
1969,147,5,5,0,0,5
1969,148,7,4,3,0,5
1969,149,3,3,0,0,5
1969,150,8,6,2,0,5
1969,151,4,3,1,0,5
1969,152,1,0,1,0,5
1969,153,1,0,1,0,5
1969,154,3,3,0,0,5
1969,155,8,3,5,0,5
1969,156,10,5,5,0,5
1969,157,13,9,4,0,5
1969,158,16,9,7,0,5
1969,159,8,3,5,0,5
1969,160,0,0,0,0,5
1969,161,7,3,4,0,5
1969,162,0,0,0,0,5
1969,163,11,4,7,0,5
1969,164,4,2,2,0,5
1969,165,9,4,5,0,5
1969,166,4,2,1,1,5
1969,167,0,0,0,0,5
1969,168,13,0,12,1,5
1969,169,0,0,0,0,5
1969,170,9,3,6,0,5
1969,171,2,0,2,0,5
1969,172,2,0,2,0,5
1969,173,1,0,1,0,5
1969,174,3,0,3,0,5
1969,175,6,2,4,0,5
1969,176,3,1,2,0,5
1969,177,1,0,1,0,5
1969,178,1,1,0,0,5
1969,179,2,1,1,0,5
1969,180,2,0,2,0,5
1969,181,2,1,1,0,5
1969,182,0,0,0,0,5
1969,183,0,0,0,0,5
1969,184,2,1,1,0,5
1969,185,0,0,0,0,5
1970,157,0,0,0,0,6
1970,158,0,0,0,0,6
1970,159,8,5,3,0,6
1970,160,6,4,1,1,6
1970,161,0,0,0,0,6
1970,162,4,3,1,0,6
1970,163,2,2,0,0,6
1970,164,1,1,0,0,6
1970,165,0,0,0,0,6
1970,166,0,0,0,0,6
1970,167,2,1,1,0,6
1970,168,0,0,0,0,6
1970,169,0,0,0,0,6
1970,170,6,4,2,0,6
1970,171,2,1,1,0,6
1970,172,0,0,0,0,6
1970,173,17,13,4,0,6
1970,174,5,1,4,0,6
1970,175,5,3,2,0,6
1970,176,3,2,1,0,6
1970,177,0,0,0,0,6
1970,178,27,5,22,0,6
1970,179,2,1,1,0,6
1970,180,0,0,0,0,6
1970,181,8,4,4,0,6
1970,182,3,2,1,0,6
1970,183,0,0,0,0,6
1970,184,2,0,2,0,6
1970,185,3,1,2,0,6
1970,186,0,0,0,0,6
1970,187,4,1,3,0,6
1970,188,0,0,0,0,6
1970,189,4,0,4,0,6
1970,190,0,0,0,0,6
1970,191,1,0,1,0,6
1970,192,0,0,0,0,6
1971,151,0,0,0,0,7
1971,152,0,0,0,0,7
1971,153,0,0,0,0,7
1971,154,4,2,0,2,7
1971,155,1,1,0,0,7
1971,156,0,0,0,0,7
1971,157,0,0,0,0,7
1971,158,1,1,0,0,7
1971,159,0,0,0,0,7
1971,160,1,1,0,0,7
1971,161,0,0,0,0,7
1971,162,0,0,0,0,7
1971,163,2,1,1,0,7
1971,164,0,0,0,0,7
1971,165,3,1,2,0,7
1971,166,0,0,0,0,7
1971,167,3,1,1,1,7
1971,168,2,2,0,0,7
1971,169,6,4,2,0,7
1971,170,26,12,14,0,7
1971,171,9,7,2,0,7
1971,172,1,0,1,0,7
1971,173,3,3,0,0,7
1971,174,2,1,1,0,7
1971,175,20,10,10,0,7
1971,176,5,2,3,0,7
1971,177,4,3,1,0,7
1971,178,8,2,6,0,7
1971,179,1,1,0,0,7
1971,180,0,0,0,0,7
1971,181,5,2,3,0,7
1971,182,0,0,0,0,7
1971,183,18,8,10,0,7
1971,184,6,4,2,0,7
1971,185,24,10,14,0,7
1971,186,0,0,0,0,7
1971,187,3,1,2,0,7
1971,188,10,4,6,0,7
1971,189,2,2,0,0,7
1971,190,5,2,3,0,7
1971,191,2,1,1,0,7
1971,192,0,0,0,0,7
1971,193,4,1,3,0,7
1971,194,4,1,3,0,7
1971,195,2,1,1,0,7
1971,196,0,0,0,0,7
1972,151,0,0,0,0,8
1972,152,8,6,0,2,8
1972,153,0,0,0,0,8
1972,154,5,4,0,1,8
1972,155,1,0,1,0,8
1972,156,0,0,0,0,8
1972,157,0,0,0,0,8
1972,158,0,0,0,0,8
1972,159,1,0,1,0,8
1972,160,0,0,0,0,8
1972,161,0,0,0,0,8
1972,162,8,5,3,0,8
1972,163,0,0,0,0,8
1972,164,2,1,1,0,8
1972,165,4,4,0,0,8
1972,166,3,2,1,0,8
1972,167,5,4,0,1,8
1972,168,4,4,0,0,8
1972,169,5,3,2,0,8
1972,170,0,0,0,0,8
1972,171,10,7,3,0,8
1972,172,5,4,1,0,8
1972,173,4,2,2,0,8
1972,174,3,1,2,0,8
1972,175,3,1,2,0,8
1972,176,1,0,1,0,8
1972,177,0,0,0,0,8
1972,178,0,0,0,0,8
1972,179,0,0,0,0,8
1972,180,0,0,0,0,8
1972,181,9,3,6,0,8
1972,182,3,2,1,0,8
1972,183,5,2,3,0,8
1972,184,3,3,0,0,8
1972,185,4,3,1,0,8
1972,186,5,1,4,0,8
1972,187,2,1,1,0,8
1972,188,5,1,4,0,8
1972,189,2,0,1,1,8
1972,190,0,0,0,0,8
1972,191,1,0,0,1,8
1972,192,0,0,0,0,8
1972,193,0,0,0,0,8
1972,194,1,0,1,0,8
1972,195,0,0,0,0,8
